file,num_valid_nodes,max_intensity,mean_intensity,num_above_threshold
15499.pt,30,14.150943756103516,1.0000000168879828,2
7713.pt,26,13.078471183776855,1.0000000074505806,1
7702.pt,25,12.569130897521973,1.000000073313713,1
4974.pt,26,12.258368492126465,0.9999999896838114,1
19231.pt,69,11.459891319274902,1.000000050102455,4
15519.pt,23,11.10574722290039,1.000000100420869,1
19188.pt,44,10.853477478027344,0.9999999661337245,2
7645.pt,22,10.689990997314453,1.0000000467354602,1
7647.pt,22,10.280374526977539,1.000000062313947,1
7660.pt,23,10.132159233093262,1.0000000596046448,1
7615.pt,21,9.740259170532227,0.9999999652306238,1
16134.pt,27,9.639413833618164,0.9999999464661987,1
7662.pt,23,9.468916893005371,0.9999999585358993,1
19229.pt,63,9.43396282196045,1.0000000406825353,4
7586.pt,20,8.928569793701172,0.999999824166298,1
15079.pt,22,8.87096881866455,1.0000000955028967,1
5991.pt,20,8.368199348449707,0.9999998465180397,1
11138.pt,21,8.155340194702148,1.0000000638621194,1
7501.pt,19,7.615230560302734,1.0000000094112598,1
7506.pt,19,7.524752616882324,1.0000000149011612,1
1251.pt,57,7.404520034790039,0.9999998969989911,4
7581.pt,20,7.393715858459473,1.0000000834465026,1
7614.pt,21,7.189319133758545,1.0000000361885344,1
7838.pt,35,7.05360746383667,1.0000000272478375,2
1630.pt,20,6.993007183074951,1.0000000506639481,1
11662.pt,35,6.967947483062744,0.9999999846730914,2
7366.pt,14,6.954794406890869,1.0000000766345434,1
5932.pt,22,6.658596038818359,1.0000000487674365,2
7649.pt,22,6.656580924987793,1.000000005418604,1
19180.pt,40,6.607202053070068,1.0000000171363355,2
7682.pt,24,6.553795337677002,0.9999999143183231,1
2669.pt,18,6.486486434936523,0.9999999983443154,1
11494.pt,24,6.442953109741211,0.9999999913076559,1
7918.pt,18,6.403415203094482,0.9999999751647314,1
10752.pt,24,6.401707649230957,1.0000000521540642,1
10995.pt,19,6.364359378814697,1.2631578696401495,1
12321.pt,21,6.315789699554443,1.0000000283831643,1
2701.pt,18,6.289309024810791,1.000000117553605,1
7622.pt,18,6.267409324645996,0.999999980131785,1
2887.pt,19,6.033661365509033,0.9999999639235044,1
19078.pt,40,6.002400875091553,1.0000000089406966,2
16053.pt,35,5.919160842895508,0.9999999386923654,2
7503.pt,19,5.8371734619140625,1.0000000094112598,1
2510.pt,20,5.817336082458496,1.0000000685453414,1
51279.pt,38,5.77750301361084,1.000000010979803,1
7826.pt,17,5.756857395172119,0.9999999877284554,1
7678.pt,24,5.737509250640869,1.000000026077032,1
7502.pt,19,5.7228922843933105,1.0000001537172418,1
119.pt,18,5.694400310516357,0.9999999950329462,1
7579.pt,20,5.644933223724365,0.9999999418854714,1
1934.pt,22,5.575266361236572,1.0000000162558123,1
5956.pt,17,5.3042120933532715,1.0000000035061556,1
645.pt,17,5.271317481994629,0.9999999246176552,1
11739.pt,20,5.270092964172363,1.0000001162290573,1
7833.pt,17,5.250154495239258,1.0000000298023224,1
1493.pt,18,5.229517936706543,1.0000000198682149,1
7567.pt,20,5.165288925170898,0.9999999597668647,1
18047.pt,33,5.080049514770508,1.0000000406395306,4
1250.pt,23,5.06942892074585,0.9999999818594559,1
7846.pt,36,5.020920753479004,1.0000000364250607,2
1856.pt,51,5.0,0.9999999859753776,4
19411.pt,19,4.988185882568359,1.0000000250966925,1
5079.pt,24,4.9627790451049805,0.9999999913076559,2
7585.pt,20,4.889975070953369,0.9999999374151229,2
1273.pt,21,4.889406204223633,0.9999999985808418,1
22322.pt,16,4.876562118530273,0.9999999962747097,1
7504.pt,19,4.828463077545166,1.000000078427164,1
7507.pt,19,4.738154411315918,0.9999999498066149,2
7613.pt,21,4.7361297607421875,0.9999999545869374,2
5979.pt,17,4.71829080581665,1.0000000911600448,1
6659.pt,10,4.688232421875,0.9999999463558197,1
1602.pt,16,4.6783623695373535,0.9999999701976776,2
7804.pt,32,4.663363456726074,1.0000000223517418,2
51275.pt,25,4.629629611968994,0.9999999773502349,4
2929.pt,19,4.610531330108643,1.0000000156854327,1
19847.pt,10,4.593477725982666,1.0000000834465026,2
7635.pt,22,4.56905460357666,0.999999884177338,1
7583.pt,20,4.5620436668396,0.9999999582767487,1
7831.pt,17,4.512875080108643,0.9999999807161444,1
16342.pt,20,4.453308582305908,1.00000002682209,2
7734.pt,16,4.4198899269104,1.000000074505806,1
7584.pt,20,4.3975372314453125,0.9999999403953552,2
17241.pt,20,4.389815807342529,1.0000000596046448,2
7646.pt,22,4.354711055755615,0.9999999905174429,3
7582.pt,20,4.324324607849121,1.000000035762787,1
908.pt,16,4.2757887840271,1.0000000707805157,1
41212.pt,11,4.261913776397705,0.9999999512325634,1
51394.pt,24,4.231405258178711,1.0000000496705372,1
10976.pt,19,4.226918697357178,0.9999999905887403,1
2488.pt,42,4.200840473175049,1.0000000624429612,2
1696.pt,20,4.0808000564575195,1.0000000230967998,1
19490.pt,15,4.066059589385986,1.0000000794728596,1
7729.pt,16,4.050632953643799,1.0000000121071935,2
16099.pt,38,4.028331756591797,0.9999999921572836,4
51164.pt,8,4.004004001617432,0.9999999925494194,1
331.pt,15,3.994673490524292,0.9999999483426412,1
7468.pt,15,3.974562406539917,0.9999999225139617,1
7550.pt,20,3.9674668312072754,0.9999999880790711,2
51062.pt,10,3.935458183288574,0.9999999105930328,1
7882.pt,42,3.912071704864502,1.0000000454130626,4
13741.pt,29,3.866666793823242,1.0000000061659977,4
7834.pt,17,3.8253824710845947,1.0,2
7914.pt,18,3.824091672897339,0.999999976820416,1
7839.pt,35,3.7174720764160156,0.9999999940395355,7
7774.pt,16,3.688335657119751,1.0000000186264515,2
7835.pt,34,3.6876354217529297,0.9999999859753776,2
16646.pt,37,3.6764707565307617,1.000000046717154,8
7803.pt,32,3.6764705181121826,0.9999999981373549,2
253.pt,12,3.650745391845703,1.0,1
11012.pt,38,3.6398470401763916,1.000000083132794,8
5832.pt,26,3.636363983154297,1.0000000916994536,5
1304.pt,10,3.6101086139678955,1.0000000834465026,2
4320.pt,10,3.6101086139678955,1.0000000834465026,2
11663.pt,34,3.609341859817505,1.0000000017530777,3
7849.pt,36,3.58208966255188,1.0000000049670537,3
45579.pt,8,3.5810205936431885,1.0,1
5938.pt,30,3.573981761932373,1.0000000953674317,6
10962.pt,11,3.5667965412139893,1.0000000325116245,1
7848.pt,36,3.564356565475464,1.000000048842695,5
16405.pt,22,3.557567834854126,0.9999999512325634,2
7500.pt,19,3.512014627456665,0.9999999529437015,2
5852.pt,28,3.5096514225006104,0.9999999574252537,2
7259.pt,13,3.494623899459839,1.0000000504346995,1
11689.pt,34,3.478616952896118,1.0000000613577225,2
7642.pt,22,3.475513219833374,0.9999999539418654,2
19070.pt,36,3.4509201049804688,0.9999999668863084,2
19459.pt,11,3.4246575832366943,0.999999997290698,2
7764.pt,29,3.415782928466797,0.9999998941503722,6
16842.pt,9,3.350707530975342,1.00000003973643,1
7380.pt,14,3.334127187728882,0.9999999872275761,1
7915.pt,18,3.3333334922790527,1.0000000331136916,2
16373.pt,21,3.3131392002105713,0.9999999503294627,2
2776.pt,28,3.2933425903320312,0.9999999499746731,6
7397.pt,15,3.2708241939544678,0.9999999831120173,3
52808.pt,17,3.262415885925293,1.0000000560984892,1
5011.pt,14,3.245248317718506,1.0000000638621194,3
4970.pt,25,3.236245632171631,0.9999999105930328,5
51119.pt,22,3.230543375015259,1.0000000027093021,1
17024.pt,7,3.2287821769714355,0.9999999744551522,1
7258.pt,13,3.225806713104248,1.0000000733595629,1
11100.pt,16,3.211561679840088,1.0000000149011612,2
23683.pt,14,3.2110092639923096,1.0000000447034836,4
877.pt,15,3.174602746963501,0.9999998648961385,1
11238.pt,24,3.1683168411254883,1.0000000099341075,5
4998.pt,21,3.1607465744018555,1.0000000014191581,4
5524.pt,6,3.154573917388916,0.9999999354283015,1
19385.pt,17,3.153988838195801,0.9999999947407666,2
6456.pt,13,3.151515007019043,0.999999965612705,2
625.pt,15,3.1453135013580322,1.0000000476837159,1
7912.pt,18,3.0911900997161865,0.9999999834431542,1
12344.pt,10,3.0854673385620117,0.9999999523162841,1
19077.pt,32,3.0828516483306885,1.0000000074505806,2
7721.pt,27,3.077975273132324,0.9999999514332524,6
51697.pt,17,3.0647194385528564,0.9999999368891996,2
19183.pt,13,3.057196855545044,0.9999999713439208,1
41029.pt,14,3.0478649139404297,1.0714286012308938,1
18166.pt,6,3.0410542488098145,1.0000000298023224,1
23330.pt,15,3.0315277576446533,0.9999999930461247,2
5555.pt,6,3.0303032398223877,1.0000000496705372,1
7469.pt,15,3.0266342163085938,0.9999999443689982,2
18838.pt,7,2.991452932357788,1.0000000085149492,1
6435.pt,12,2.9910268783569336,1.0,2
11290.pt,12,2.985074758529663,1.0000000198682149,1
245.pt,12,2.985074758529663,1.0000000173846881,2
51234.pt,10,2.9629628658294678,1.0000000059604646,2
7825.pt,17,2.962704658508301,0.9999999649384442,2
16195.pt,13,2.932264804840088,1.0000000527271857,1
7661.pt,23,2.9280710220336914,0.9999999144802922,5
283.pt,9,2.9211292266845703,0.9999999271498786,1
51223.pt,11,2.91005277633667,0.9999999810348857,2
10701.pt,18,2.9069766998291016,0.9999999966886308,2
2924.pt,17,2.8862478733062744,1.0000000017530777,1
16194.pt,8,2.8818442821502686,0.9999999850988388,1
1752.pt,8,2.8704700469970703,1.0,1
2435.pt,22,2.8519575595855713,0.9999999986453489,2
52122.pt,10,2.848191499710083,1.000000011920929,1
7709.pt,26,2.8415300846099854,1.0000000080237021,2
4350.pt,12,2.840909242630005,1.0000000248352687,1
51722.pt,6,2.838221311569214,0.999999980131785,1
16612.pt,17,2.8371164798736572,1.0000000859008116,2
246.pt,12,2.8328611850738525,0.9999999950329462,1
51910.pt,5,2.831256866455078,0.9999999284744263,1
9169.pt,12,2.8281874656677246,0.9999999602635702,1
16343.pt,16,2.8149189949035645,0.9999999701976776,2
11688.pt,17,2.8136379718780518,1.0000000210369335,1
11718.pt,6,2.8037383556365967,1.0000000447034836,1
51384.pt,13,2.8029325008392334,1.0000000458497267,1
7754.pt,28,2.799999952316284,0.9999999850988388,2
5804.pt,14,2.799999952316284,0.9999999872275761,2
12052.pt,14,2.7969844341278076,0.9999999957425254,1
3151.pt,20,2.792515993118286,0.9999999880790711,2
17103.pt,14,2.7916576862335205,0.9999999787126269,1
7958.pt,10,2.7886223793029785,0.9999999940395355,1
16130.pt,8,2.7835769653320312,1.0000000223517418,2
436.pt,18,2.782071113586426,0.9999999867545234,1
51651.pt,9,2.7812113761901855,1.0000000165568457,1
10462.pt,14,2.7810916900634766,1.0000000298023224,1
52600.pt,26,2.7807486057281494,0.9999999507115438,3
51939.pt,10,2.779977321624756,1.0000000149011612,1
2865.pt,7,2.7766759395599365,1.0000000042574746,1
9221.pt,12,2.764976978302002,1.0000000049670537,2
18798.pt,12,2.7586207389831543,1.0000000298023224,1
51781.pt,7,2.752654552459717,1.0000000510896956,1
7643.pt,22,2.747938871383667,0.9999999674883756,2
12331.pt,12,2.7472527027130127,1.0000000298023224,1
79.pt,22,2.7380213737487793,1.000000062313947,5
52702.pt,10,2.736726760864258,0.9999999538064003,2
15375.pt,10,2.736726760864258,0.9999999701976776,1
10676.pt,10,2.727024793624878,0.9999999791383744,1
7505.pt,19,2.72050404548645,1.0000000062741732,4
7860.pt,18,2.714113235473633,0.9999999735090468,2
15353.pt,24,2.7051398754119873,1.0000000248352687,2
13225.pt,24,2.7030069828033447,0.9999999950329462,1
39.pt,16,2.6999661922454834,1.0000000223517418,2
22300.pt,10,2.6852846145629883,1.000000011920929,2
16639.pt,12,2.685044765472412,1.0000000049670537,1
16432.pt,12,2.6848301887512207,0.9999999602635702,1
1349.pt,12,2.6845638751983643,1.0000000223517418,1
2369.pt,10,2.6831231117248535,0.9999999880790711,1
13029.pt,8,2.6782724857330322,1.0000000149011612,1
19135.pt,15,2.6778202056884766,1.0000000576178232,1
1743.pt,16,2.6755852699279785,0.9999999739229679,2
19075.pt,10,2.6716537475585938,0.9999999701976776,1
2859.pt,14,2.669717788696289,1.000000030866691,4
51909.pt,12,2.669485569000244,1.0000000496705372,1
13051.pt,8,2.6693360805511475,1.0000000223517418,1
12810.pt,10,2.6666667461395264,1.000000011920929,2
19699.pt,8,2.6640026569366455,0.9999999850988388,1
723.pt,12,2.663115978240967,1.00000003973643,2
51070.pt,19,2.662954092025757,0.9999999152986627,1
255.pt,12,2.6619343757629395,0.9999999975164732,2
12556.pt,13,2.659574508666992,1.0000000664821038,1
13698.pt,6,2.654867172241211,0.999999980131785,1
4452.pt,6,2.650176525115967,0.999999980131785,1
50192.pt,18,2.6470587253570557,1.0,2
5087.pt,7,2.641509532928467,1.0000000255448478,1
11778.pt,19,2.6364028453826904,1.0000001380318089,1
7720.pt,27,2.6331188678741455,0.9999999911696823,2
18828.pt,9,2.628504514694214,0.9999999470180936,1
17223.pt,10,2.6274304389953613,1.000000035762787,2
10409.pt,8,2.627257823944092,0.9999999981373549,1
16823.pt,10,2.622377634048462,1.2,2
16715.pt,10,2.6204898357391357,1.000000011920929,1
13425.pt,16,2.6123013496398926,1.0,1
6463.pt,13,2.6114907264709473,1.0000000573121584,1
18814.pt,7,2.6061058044433594,1.0000000298023224,2
11204.pt,11,2.603550434112549,1.0000000460581346,1
3207.pt,14,2.600297212600708,0.9999999829701015,1
7261.pt,13,2.5989603996276855,0.9999999954150274,2
41148.pt,7,2.5958003997802734,0.9999999829701015,1
51606.pt,12,2.595155715942383,1.000000008692344,3
9551.pt,20,2.594370126724243,0.9999999731779099,1
50823.pt,14,2.5873560905456543,1.0000000170298986,1
19782.pt,18,2.584721326828003,0.999999980131785,2
51594.pt,8,2.5831449031829834,0.999999986961484,1
51951.pt,9,2.5817556381225586,1.000000023179584,1
45614.pt,21,2.5817553997039795,0.9999999262037731,2
13630.pt,9,2.5798394680023193,1.0000000066227384,1
53048.pt,25,2.572810649871826,1.0000000929832458,2
1254.pt,13,2.5726675987243652,1.0000000504346995,1
7789.pt,17,2.5715901851654053,0.999999957926133,1
4894.pt,12,2.566296100616455,1.0000000496705372,1
5870.pt,13,2.566127061843872,0.9999999954150274,2
21956.pt,14,2.5653724670410156,1.0000000425747462,1
41205.pt,18,2.5626425743103027,1.0000000596046448,2
50235.pt,9,2.5626425743103027,1.0000000869234402,2
51246.pt,9,2.5618557929992676,1.0000000331136916,1
23794.pt,11,2.557781934738159,1.0000000108372082,1
7475.pt,16,2.557544708251953,0.9999999795109034,1
51225.pt,8,2.5572800636291504,0.9999999888241291,1
5953.pt,9,2.549575090408325,1.00000003973643,1
20164.pt,14,2.5491626262664795,1.0000000723770686,2
16627.pt,16,2.547365188598633,1.0000000223517418,1
18643.pt,9,2.5472183227539062,1.0000000331136916,1
50995.pt,15,2.54712176322937,1.000000035762787,1
41237.pt,9,2.5470707416534424,0.9999999933772616,1
51319.pt,27,2.5445852279663086,0.9999999558484113,2
52351.pt,9,2.5417165756225586,0.9999999668863084,1
243.pt,12,2.5283541679382324,1.000000028560559,2
19434.pt,19,2.5245814323425293,1.0000000047056299,2
7745.pt,16,2.5236592292785645,0.9999999813735485,2
7696.pt,23,2.5223731994628906,1.0000000103660251,1
11232.pt,19,2.5220680236816406,1.0526315632619356,2
1822.pt,13,2.5193798542022705,0.9999999954150274,2
15768.pt,19,2.517556667327881,1.000000050193385,1
12298.pt,12,2.5173065662384033,1.0000000049670537,2
21057.pt,15,2.5150318145751953,1.0000000337759654,1
21710.pt,12,2.513615369796753,0.9999999900658926,1
2127.pt,10,2.512904167175293,0.9999999880790711,1
7740.pt,16,2.5125627517700195,0.9999999944120646,2
10835.pt,16,2.5107779502868652,1.0000000894069672,1
41077.pt,30,2.510460376739502,1.0000000367561976,2
13185.pt,9,2.508361339569092,1.0000000662273831,1
258.pt,10,2.50312876701355,0.9999999374151229,1
13009.pt,8,2.500781536102295,1.0000000223517418,1
19282.pt,10,2.499375343322754,1.000000062584877,1
23510.pt,26,2.4981541633605957,0.9999999839525956,2
1439.pt,12,2.4977376461029053,1.0000000322858493,1
1868.pt,16,2.4968788623809814,0.9999999776482582,2
669.pt,7,2.494654417037964,1.0000000383172716,1
2836.pt,10,2.493765354156494,0.9999999418854714,1
15234.pt,27,2.492844581604004,0.9999999933772616,1
7612.pt,21,2.489921808242798,1.0000000454130626,2
2153.pt,9,2.4848148822784424,0.9999999635749393,1
7256.pt,13,2.4847095012664795,1.0,1
9540.pt,12,2.4826722145080566,0.999999945362409,1
12032.pt,16,2.477163791656494,1.0000000223517418,1
11812.pt,17,2.471125841140747,0.9999999368891996,1
15092.pt,11,2.4680275917053223,0.999999918720939,1
51961.pt,10,2.465296983718872,0.9999999821186065,1
51043.pt,8,2.4638125896453857,0.999999962747097,1
23733.pt,16,2.463625431060791,0.9999999795109034,1
52861.pt,24,2.462941884994507,0.9999999726812044,2
51277.pt,26,2.455965995788574,0.9999999885375683,1
16716.pt,10,2.454590082168579,0.9999999940395355,1
51012.pt,14,2.4539878368377686,1.0000000085149492,2
9261.pt,12,2.45298433303833,0.999999980131785,2
11220.pt,18,2.448307514190674,1.000000051326222,1
19800.pt,10,2.4479804039001465,1.000000011920929,2
41041.pt,16,2.445735216140747,1.000000011175871,1
7164.pt,13,2.444528102874756,1.0,1
4406.pt,19,2.443415641784668,0.9999999874516537,2
19276.pt,12,2.4429967403411865,1.0,1
876.pt,15,2.4429967403411865,0.999999980131785,1
21615.pt,12,2.442002534866333,1.0000000186264515,2
11641.pt,16,2.4406285285949707,1.0000000279396772,1
13437.pt,10,2.439619541168213,1.0000000417232513,1
18836.pt,13,2.438894033432007,0.999999965612705,1
20052.pt,19,2.437147378921509,1.0000000188225193,2
12557.pt,13,2.4344570636749268,1.0000000229248633,1
51050.pt,13,2.4246623516082764,1.0769230562907,2
16032.pt,21,2.423173427581787,0.9999999716168358,1
7637.pt,22,2.422907590866089,1.0000000568953427,2
17019.pt,13,2.422100782394409,0.9999999816601093,1
11351.pt,12,2.421116590499878,1.0000000099341075,1
7746.pt,16,2.4154586791992188,0.9999998845160007,2
19043.pt,10,2.413709878921509,1.00000002682209,1
13015.pt,5,2.4131274223327637,0.9999999880790711,1
19377.pt,8,2.4125452041625977,1.0000000074505806,1
19438.pt,17,2.4113476276397705,1.0000000280492447,1
7077.pt,12,2.4096386432647705,1.0000000496705372,2
22171.pt,10,2.4096386432647705,1.000000011920929,1
19488.pt,9,2.4025628566741943,1.0000000331136916,1
7175.pt,13,2.4025135040283203,1.0000000458497267,1
16147.pt,18,2.4019217491149902,1.0000000596046448,2
5841.pt,14,2.4005486965179443,0.9999999914850507,2
22817.pt,10,2.3946359157562256,0.9999999642372132,1
11002.pt,12,2.3926753997802734,0.9999999403953552,1
13697.pt,6,2.3923444747924805,0.9999999751647314,1
1705.pt,12,2.387584686279297,1.00000003973643,1
12013.pt,16,2.383561611175537,1.0000000149011612,1
16219.pt,24,2.381424903869629,0.9999999987582365,4
1821.pt,14,2.3809523582458496,1.000000034059797,2
2112.pt,14,2.3801429271698,1.0000000553471702,2
6120.pt,8,2.3798742294311523,0.9999999850988388,1
18068.pt,20,2.3786869049072266,0.9999999403953552,3
15810.pt,15,2.3782598972320557,0.9999999920527141,1
20053.pt,20,2.376311779022217,0.9999999836087227,1
50954.pt,10,2.375861167907715,0.9999999523162841,1
11811.pt,15,2.3750860691070557,0.9999999423821767,1
18922.pt,12,2.3735203742980957,0.9999999503294627,1
7659.pt,23,2.372112274169922,1.0000000466471133,4
9552.pt,14,2.372077226638794,0.9999999765838895,1
16100.pt,38,2.371738910675049,1.0000000156854327,4
19286.pt,9,2.3704192638397217,1.0000000198682149,1
23262.pt,9,2.3702926635742188,1.0000001125865512,1
7170.pt,12,2.367079496383667,1.0833333805203438,2
210.pt,11,2.3666090965270996,0.999999924139543,1
5998.pt,16,2.3612749576568604,0.9999999590218067,2
51612.pt,14,2.3588881492614746,1.000000046832221,2
45553.pt,9,2.357255220413208,1.0000000298023224,2
11603.pt,16,2.356994390487671,1.0000000521540642,1
16840.pt,6,2.356637954711914,1.00000003973643,2
13111.pt,16,2.355712652206421,1.000000037252903,2
10509.pt,18,2.354788303375244,1.0000001125865512,4
52386.pt,23,2.3546273708343506,0.9999999935212343,4
6941.pt,11,2.354451894760132,0.9999999458139593,1
13767.pt,4,2.3529410362243652,0.9999999646097422,1
7316.pt,14,2.35252046585083,0.9999999957425254,1
25093.pt,21,2.3524138927459717,0.999999965940203,1
33066.pt,16,2.3501763343811035,0.9999999850988388,2
19298.pt,18,2.3495872020721436,0.999999956952201,1
13389.pt,7,2.3460559844970703,0.9999999914850507,1
12591.pt,9,2.3454227447509766,1.0000000562932756,1
76.pt,8,2.344665765762329,0.9999999552965164,1
6913.pt,11,2.3418402671813965,1.0000000162558123,1
8301.pt,20,2.3412206172943115,1.0000000536441802,2
11604.pt,17,2.3389737606048584,1.0000000017530777,1
11669.pt,19,2.3384616374969482,1.0000000078427165,1
19176.pt,17,2.338376998901367,1.0000000736292671,2
22569.pt,10,2.336944818496704,1.0999999523162842,1
19311.pt,27,2.3320088386535645,0.9999999679900982,2
9164.pt,12,2.3310890197753906,1.000000002483527,1
23210.pt,17,2.3309237957000732,1.0000000201603945,1
16396.pt,20,2.327204942703247,0.9999999485909938,4
12242.pt,6,2.3249692916870117,1.0000000794728596,1
6462.pt,13,2.323659896850586,1.000000013754918,1
15367.pt,15,2.3234200477600098,0.999999984105428,2
11681.pt,17,2.3230388164520264,0.9999998965684105,1
7423.pt,15,2.3173182010650635,1.0000000556310018,2
1923.pt,8,2.316155195236206,1.0000000074505806,1
32186.pt,21,2.314826726913452,1.0000000198682149,1
1690.pt,10,2.3105361461639404,1.000000035762787,2
11823.pt,19,2.309274435043335,1.0000000125483464,1
52747.pt,12,2.306361675262451,0.9999999751647314,1
244.pt,12,2.301776647567749,1.00000003973643,1
2772.pt,12,2.301464796066284,0.9999999552965164,1
7841.pt,36,2.3007607460021973,1.0000000761614904,1
1381.pt,14,2.2992281913757324,1.0000000383172716,1
6613.pt,10,2.2972662448883057,0.9999999582767487,1
18851.pt,17,2.296056032180786,0.9999999684445998,1
51376.pt,12,2.295318126678467,0.9999999652306238,1
51318.pt,27,2.2925214767456055,0.9999999558484113,1
11673.pt,16,2.2922704219818115,0.9999999776482582,1
24526.pt,10,2.2909507751464844,1.0000000238418578,1
4393.pt,17,2.2898707389831543,1.0000000210369335,2
6330.pt,9,2.2894937992095947,1.0000000165568457,1
11453.pt,8,2.2892308235168457,0.9999999850988388,1
6078.pt,8,2.288818359375,0.9999999813735485,1
11039.pt,13,2.2887322902679443,0.9999999174704919,1
7314.pt,14,2.2883293628692627,0.9999999531677791,1
7538.pt,15,2.2850613594055176,1.0666666587193807,1
12428.pt,18,2.281141757965088,0.9999999205271403,2
11602.pt,16,2.2805376052856445,1.0000000409781933,1
7524.pt,20,2.2805016040802,0.9999999642372132,2
2138.pt,8,2.2772560119628906,1.0000000447034836,1
16031.pt,21,2.2765486240386963,0.9999999971616835,1
21519.pt,14,2.2764229774475098,1.0000000596046448,1
52745.pt,10,2.2747952938079834,0.9999999612569809,1
41082.pt,21,2.2731969356536865,1.0476189908527194,1
7710.pt,26,2.2731246948242188,0.9999999816601093,2
12109.pt,7,2.272040367126465,1.0000000383172716,1
248.pt,12,2.2718665599823,0.9999999503294627,2
18938.pt,8,2.271308422088623,0.9999999385327101,1
254.pt,12,2.271059036254883,1.0000000074505806,1
50162.pt,9,2.269289016723633,1.000000009106265,3
21259.pt,17,2.2680768966674805,0.9999999894815332,1
917.pt,10,2.267573833465576,1.000000035762787,1
15515.pt,9,2.267002582550049,1.00000003973643,1
7466.pt,15,2.2665457725524902,0.999999996026357,1
6074.pt,8,2.2630834579467773,0.9999999701976776,1
1319.pt,8,2.2624435424804688,1.0000000558793545,1
52310.pt,12,2.261164665222168,1.0000000496705372,1
21458.pt,21,2.2611498832702637,0.9999999687785194,2
3896.pt,11,2.259190797805786,1.0000000352209264,1
41018.pt,9,2.259157657623291,1.5555555158191257,2
1182.pt,12,2.259036064147949,0.9999999652306238,2
17240.pt,24,2.259036064147949,0.9999999552965164,4
1197.pt,18,2.256204605102539,1.0000000165568457,4
17090.pt,3,2.25563907623291,0.999999980131785,1
19624.pt,14,2.2553412914276123,1.0000000489609582,1
21385.pt,16,2.254791259765625,0.9999999403953552,1
7330.pt,14,2.2544283866882324,0.9999999914850507,2
2352.pt,21,2.250321388244629,0.9999999716168358,2
6069.pt,7,2.2486345767974854,0.9999999318804059,1
18532.pt,12,2.245929002761841,0.9999999205271403,1
1474.pt,10,2.2442851066589355,0.9999998986721039,1
7278.pt,11,2.242511510848999,1.2727272564714605,2
4326.pt,8,2.2402687072753906,0.9999999552965164,1
19708.pt,12,2.2391345500946045,0.9999999925494194,1
51213.pt,15,2.233633041381836,1.0000000238418578,1
16778.pt,9,2.233250856399536,1.0000000794728596,1
7424.pt,15,2.2317073345184326,1.0000000059604646,2
21715.pt,21,2.230720281600952,0.9999999858084179,3
21501.pt,10,2.2271716594696045,1.000000035762787,1
4335.pt,11,2.2262699604034424,1.0000000270930203,1
33078.pt,22,2.225937843322754,0.9999999837441877,2
19171.pt,13,2.224123001098633,0.9999999587352459,1
9758.pt,14,2.2236340045928955,0.9999999489103045,1
18043.pt,11,2.2208762168884277,1.0000000081279061,1
6879.pt,11,2.2205822467803955,1.0000000487674365,1
7028.pt,12,2.220135450363159,1.000000074505806,1
51269.pt,14,2.2173912525177,1.0000000425747462,1
4706.pt,8,2.2166244983673096,0.999999925494194,1
12539.pt,17,2.216515064239502,0.999999950913822,1
7535.pt,16,2.215712308883667,0.9999999888241291,1
16398.pt,20,2.2145159244537354,1.0000000596046448,2
10798.pt,18,2.2137367725372314,1.0000000728501215,2
15200.pt,13,2.211538553237915,1.0000000458497267,1
7900.pt,18,2.2113020420074463,0.9999999172157712,1
51015.pt,8,2.210526466369629,1.0000000670552254,1
10978.pt,12,2.2091312408447266,1.0000000596046448,4
19238.pt,25,2.2074313163757324,0.999999942779541,2
13702.pt,6,2.206693649291992,1.0000000099341075,1
129.pt,20,2.2036192417144775,0.9999999850988388,1
7293.pt,14,2.2027196884155273,0.9999999787126269,2
17263.pt,8,2.2008254528045654,1.0000000447034836,1
16624.pt,18,2.200235605239868,1.0000000331136916,1
19313.pt,12,2.199923515319824,0.9999999403953552,2
23828.pt,14,2.197502851486206,1.0000000319310598,1
51977.pt,10,2.196202516555786,0.9999999463558197,4
11647.pt,22,2.1951706409454346,0.999999997290698,2
10417.pt,5,2.1929824352264404,0.9999999880790711,1
8238.pt,20,2.19010066986084,0.9999999523162841,3
13639.pt,9,2.1882548332214355,1.0000000264909532,1
1393.pt,7,2.1875,1.0,2
6454.pt,13,2.187457323074341,1.0000000320948088,1
11645.pt,16,2.1869874000549316,0.9999999590218067,2
5186.pt,12,2.186615467071533,0.9999999602635702,1
19114.pt,9,2.1833150386810303,1.0000000132454767,1
7467.pt,15,2.180549144744873,0.9999998450279236,3
9132.pt,13,2.1801414489746094,0.9999999839525956,2
11489.pt,19,2.179399013519287,0.999999989020197,1
16091.pt,9,2.178122043609619,1.0000000331136916,2
50811.pt,11,2.177295446395874,0.9999999566511675,1
11698.pt,17,2.174957752227783,0.9999999894815332,1
27079.pt,10,2.174858808517456,1.0000000238418578,1
249.pt,12,2.1737568378448486,1.00000003973643,1
15249.pt,10,2.1729683876037598,1.0000000417232513,1
11620.pt,16,2.1720428466796875,0.9999999590218067,1
10055.pt,6,2.1691973209381104,0.9999999900658926,2
5414.pt,5,2.1673169136047363,1.0000000238418578,1
13632.pt,12,2.165283203125,1.0000000049670537,2
2262.pt,9,2.163461685180664,1.0000000529819064,1
3248.pt,10,2.1621623039245605,1.0000000476837159,1
1253.pt,17,2.1617496013641357,0.9999999439015108,4
16620.pt,14,2.1602044105529785,1.0000000723770686,1
51978.pt,4,2.15982723236084,1.0,1
6243.pt,7,2.1587862968444824,1.0000000425747462,1
22356.pt,13,2.1586122512817383,1.0,1
16791.pt,24,2.153625249862671,0.9999999894450108,2
23208.pt,7,2.1525213718414307,0.9999999403953552,2
7861.pt,16,2.1482276916503906,1.1250000186264515,1
3238.pt,13,2.1473405361175537,0.9999999449803278,1
10363.pt,8,2.146789073944092,1.0,1
19156.pt,15,2.146275281906128,0.9999999602635702,1
1159.pt,8,2.1453471183776855,0.9999999403953552,1
2260.pt,12,2.1443889141082764,1.0000000124176343,1
1198.pt,18,2.1407766342163086,0.9999999933772616,2
6018.pt,7,2.1400184631347656,1.0000000255448478,1
19292.pt,6,2.136752128601074,0.9999999503294627,1
5823.pt,14,2.1361660957336426,1.0000000298023224,1
10362.pt,8,2.1355161666870117,0.9999999850988388,1
29365.pt,13,2.1337385177612305,1.0000000183398907,1
22298.pt,15,2.133105754852295,0.9999999523162841,2
41094.pt,16,2.13281512260437,1.0000000298023224,1
7706.pt,26,2.1321184635162354,1.0000000366797814,2
22899.pt,10,2.131619930267334,1.0000000536441802,1
7079.pt,12,2.1314589977264404,0.9999999900658926,2
19578.pt,9,2.125147581100464,0.999999980131785,1
234.pt,12,2.1231422424316406,0.9999999403953552,4
51354.pt,25,2.122995138168335,0.9999999594688416,1
11783.pt,22,2.1223790645599365,1.0000000162558123,2
11511.pt,15,2.121537923812866,0.9999999205271403,1
51849.pt,7,2.1205694675445557,1.0000000085149492,1
3113.pt,6,2.1201415061950684,1.00000003973643,1
1446.pt,6,2.1201415061950684,1.0000000645716984,2
11488.pt,17,2.1197006702423096,0.9999999561730553,1
51972.pt,9,2.1156556606292725,0.9999999159740077,3
52064.pt,3,2.1141648292541504,0.9999999701976776,1
19789.pt,14,2.11189603805542,0.9999999914850507,1
1711.pt,14,2.1091468334198,0.9999999787126269,1
34728.pt,22,2.1084914207458496,1.0000000135465101,2
7252.pt,13,2.107652425765991,0.999999993122541,1
5820.pt,12,2.105837345123291,1.0000000099341075,1
2766.pt,11,2.105666399002075,1.000000086697665,1
11469.pt,15,2.104947090148926,1.0000001251697541,1
5150.pt,11,2.1016433238983154,1.000000081279061,2
7116.pt,12,2.100105047225952,0.999999967093269,3
16327.pt,21,2.096982717514038,1.0,1
1373.pt,24,2.0949718952178955,0.9999999304612478,8
7374.pt,14,2.090909004211426,1.0000000042574746,1
33076.pt,18,2.090106725692749,0.9999999337726169,4
51971.pt,9,2.0876824855804443,0.9999999072816637,3
11605.pt,15,2.0856969356536865,1.0000000794728596,1
7295.pt,14,2.084394931793213,1.0000000085149492,2
2075.pt,20,2.082899332046509,1.0000000149011612,2
51294.pt,6,2.0811655521392822,1.0000000496705372,1
7434.pt,15,2.080864429473877,0.9999999920527141,1
2949.pt,13,2.0803329944610596,1.0000000550196722,1
18046.pt,12,2.080083131790161,0.9999999652306238,1
7876.pt,18,2.079832077026367,1.0000000364250607,1
7793.pt,30,2.0790021419525146,1.0000000238418578,2
7172.pt,13,2.077341079711914,1.0000000366797814,2
31352.pt,13,2.0760812759399414,1.0769229989785414,1
5104.pt,7,2.0746889114379883,1.000000068119594,1
51045.pt,7,2.0722320079803467,0.9999999696654933,3
1924.pt,14,2.0694754123687744,1.0000000553471702,1
6257.pt,8,2.0672945976257324,0.9999999478459358,1
4800.pt,8,2.0666494369506836,1.0000000074505806,1
1199.pt,18,2.065887451171875,1.0000000364250607,2
45013.pt,15,2.0644445419311523,1.0000000238418578,1
7573.pt,20,2.063983678817749,1.0000000417232513,2
7002.pt,11,2.0623695850372314,0.9999999945813959,1
4910.pt,17,2.0623629093170166,1.0,1
5771.pt,7,2.0618557929992676,1.0000000510896956,1
7463.pt,15,2.061572313308716,1.0000000377496083,2
12341.pt,16,2.059732437133789,1.000000063329935,2
242.pt,12,2.0586719512939453,0.9999999279777209,1
52293.pt,9,2.0576131343841553,0.999999980131785,1
13155.pt,12,2.0554986000061035,1.0000000496705372,2
2602.pt,12,2.0551464557647705,1.0000000273187954,5
8026.pt,24,2.05507755279541,1.0000000149011612,1
22368.pt,10,2.0545008182525635,0.9999999225139617,1
16360.pt,20,2.0528969764709473,1.0000001549720765,2
8374.pt,12,2.0519838333129883,1.0000000844399135,2
232.pt,12,2.0512819290161133,0.9999999503294627,2
2496.pt,29,2.050950527191162,1.0000000123319954,2
15509.pt,13,2.050149917602539,1.0000000733595629,1
19155.pt,6,2.049180269241333,0.9999999701976776,2
9103.pt,22,2.0473520755767822,0.9999999593604695,2
50740.pt,19,2.0438897609710693,0.9999999843145672,2
2662.pt,16,2.043356418609619,0.9999999739229679,1
16788.pt,7,2.0430731773376465,1.0000000425747462,1
12546.pt,18,2.039891242980957,0.9999999933772616,2
7707.pt,26,2.0383358001708984,0.9999999770751367,4
5138.pt,20,2.037074565887451,0.9999999463558197,2
52278.pt,12,2.037010669708252,1.00000003973643,2
13151.pt,15,2.0365922451019287,0.9999999920527141,2
7938.pt,9,2.036480188369751,1.00000003973643,1
2129.pt,24,2.035623073577881,0.9999998360872269,3
21225.pt,10,2.0345945358276367,1.000000011920929,1
10662.pt,10,2.0328803062438965,1.0000000655651093,1
52347.pt,7,2.032520294189453,0.999999965940203,1
5457.pt,6,2.031831979751587,0.9999999701976776,1
10837.pt,13,2.0315675735473633,1.0000000435572405,1
50990.pt,13,2.0310518741607666,1.000000027509836,1
11222.pt,10,2.0304460525512695,1.0000000536441802,1
19623.pt,13,2.0289969444274902,0.9999999633202186,1
7576.pt,20,2.0275022983551025,0.9999999910593033,1
2232.pt,10,2.027158260345459,1.0000000596046448,1
6809.pt,10,2.0263102054595947,1.0,1
2557.pt,12,2.0236597061157227,1.0000000074505806,1
6579.pt,9,2.021109104156494,0.9999999072816637,1
41031.pt,14,2.0207462310791016,1.071428507566452,1
16640.pt,6,2.0202019214630127,0.9999999403953552,1
16072.pt,22,2.018448829650879,1.0000000108372082,2
251.pt,12,2.0178239345550537,0.9999999267359575,1
10855.pt,8,2.017157793045044,1.000000037252903,1
19986.pt,11,2.017150402069092,0.9999999783255837,1
51768.pt,7,2.0155484676361084,1.0000000085149492,1
5741.pt,7,2.0149683952331543,1.0000000042574746,1
6991.pt,11,2.0146520137786865,1.0000000487674365,1
6536.pt,9,2.014324188232422,1.0000000264909532,1
51704.pt,18,2.012922525405884,0.9999999900658926,1
19163.pt,7,2.0103390216827393,1.0000000510896956,2
23617.pt,9,2.009554862976074,1.0000000066227384,1
2489.pt,20,2.0080320835113525,0.9999999552965164,2
10373.pt,8,2.0077648162841797,0.9999999925494194,1
7315.pt,14,2.0075645446777344,1.0,1
23786.pt,11,2.003643035888672,1.0,1
45580.pt,17,2.0032994747161865,0.999999987290186,2
53092.pt,26,2.002464532852173,1.0000000160474043,2
21998.pt,8,2.0005643367767334,0.9999999552965164,1
